INSERT INTO public.users VALUES (1, 'U001', 'user1', 'First1', 'Last1', 'user1@example.com', '1234567891', 'Address 1', NULL, '1970-02-02 00:00:00', '2024-10-17 00:00:00', '2024-04-06 00:00:00');
INSERT INTO public.users VALUES (2, 'U002', 'user2', 'First2', 'Last2', 'user2@example.com', '1234567892', 'Address 2', NULL, '1977-03-01 00:00:00', '2024-04-12 00:00:00', '2024-10-26 00:00:00');
INSERT INTO public.users VALUES (3, 'U003', 'user3', 'First3', 'Last3', 'user3@example.com', '1234567893', 'Address 3', NULL, '1985-04-21 00:00:00', '2024-08-18 00:00:00', '2024-04-22 00:00:00');
INSERT INTO public.users VALUES (4, 'U004', 'user4', 'First4', 'Last4', 'user4@example.com', '1234567894', 'Address 4', NULL, '1995-12-27 00:00:00', '2024-07-19 00:00:00', '2024-08-28 00:00:00');
INSERT INTO public.users VALUES (5, 'U005', 'user5', 'First5', 'Last5', 'user5@example.com', '1234567895', 'Address 5', NULL, '1971-07-18 00:00:00', '2024-10-16 00:00:00', '2024-11-14 00:00:00');
INSERT INTO public.users VALUES (6, 'U006', 'user6', 'First6', 'Last6', 'user6@example.com', '1234567896', 'Address 6', NULL, '1995-05-29 00:00:00', '2024-02-25 00:00:00', '2024-01-13 00:00:00');
INSERT INTO public.users VALUES (9, 'U009', 'user9', 'First9', 'Last9', 'user9@example.com', '1234567899', 'Address 9', NULL, '1970-08-28 00:00:00', '2024-06-24 00:00:00', '2024-05-31 00:00:00');
INSERT INTO public.users VALUES (10, 'U010', 'user10', 'First10', 'Last10', 'user10@example.com', '12345678910', 'Address 10', NULL, '1982-12-28 00:00:00', '2024-04-11 00:00:00', '2024-05-22 00:00:00');
INSERT INTO public.users VALUES (11, 'U011', 'user11', 'First11', 'Last11', 'user11@example.com', '12345678911', 'Address 11', NULL, '2002-04-01 00:00:00', '2024-02-10 00:00:00', '2024-09-19 00:00:00');
INSERT INTO public.users VALUES (12, 'U012', 'user12', 'First12', 'Last12', 'user12@example.com', '12345678912', 'Address 12', NULL, '1998-09-04 00:00:00', '2024-05-08 00:00:00', '2024-09-09 00:00:00');
INSERT INTO public.users VALUES (13, 'U013', 'user13', 'First13', 'Last13', 'user13@example.com', '12345678913', 'Address 13', NULL, '1980-09-03 00:00:00', '2024-07-05 00:00:00', '2024-05-15 00:00:00');
INSERT INTO public.users VALUES (14, 'U014', 'user14', 'First14', 'Last14', 'user14@example.com', '12345678914', 'Address 14', NULL, '2002-04-29 00:00:00', '2024-03-22 00:00:00', '2024-08-26 00:00:00');
INSERT INTO public.users VALUES (15, 'U015', 'user15', 'First15', 'Last15', 'user15@example.com', '12345678915', 'Address 15', NULL, '1978-02-15 00:00:00', '2024-10-23 00:00:00', '2024-01-26 00:00:00');
INSERT INTO public.users VALUES (16, 'U016', 'user16', 'First16', 'Last16', 'user16@example.com', '12345678916', 'Address 16', NULL, '2001-10-13 00:00:00', '2024-10-18 00:00:00', '2024-07-12 00:00:00');
INSERT INTO public.users VALUES (18, 'U018', 'user18', 'First18', 'Last18', 'user18@example.com', '12345678918', 'Address 18', NULL, '1970-09-02 00:00:00', '2024-02-01 00:00:00', '2024-11-17 00:00:00');
INSERT INTO public.users VALUES (17, 'QTecouGUNCNaGicR35DBsuKaa3HH4VEh@clients', 'user17', 'First17', 'Last17', 'user17@example.com', '12345678917', 'Address 17', NULL, '1990-12-09 00:00:00', '2024-03-09 00:00:00', '2024-08-28 00:00:00');
INSERT INTO public.users VALUES (19, 'auth0|6761a23be1ed00226242bdd7', 'user19', 'First19', 'Last19', 'user19@example.com', '12345678919', 'Address 19', NULL, '1986-03-28 00:00:00', '2024-01-29 00:00:00', '2024-08-28 00:00:00');
INSERT INTO public.users VALUES (20, 'auth0|6756fcb8195262b1ce70e6a4', 'user20', 'First20', 'Last20', 'user20@example.com', '12345678920', 'Address 20', NULL, '1980-11-14 00:00:00', '2024-01-01 00:00:00', '2024-10-17 00:00:00');
INSERT INTO public.users VALUES (8, 'U008', 'user8', 'First8', 'Last8', 'user8@example.com', '1234567898', 'Address 8', 'https://images.unsplash.com/photo-1500648767791-00dcc994a43e?q=20&w=3000&auto=format&fit=crop&ixlib=rb-4.0.3&ixid=M3wxMjA3fDB8MHxwaG90by1wYWdlfHx8fGVufDB8fHx8fA%3D%3D', '1984-02-10 00:00:00', '2024-10-20 00:00:00', '2024-08-22 00:00:00');
INSERT INTO public.users VALUES (21, 'google-oauth2|113060760851432523903', 'Christian', 'Christian', 'Moran', 'christianrm284923@gmail.com', '123123123', 'Address 123', NULL, '1986-03-08 00:00:00', '2024-10-17 00:00:00', '2024-04-06 00:00:00');
INSERT INTO public.users VALUES (22, 'auth0|6799556afa1413b07aa7888a', 'JP', 'Juan', 'Pisanu', 'jpisanu@gmail.com', '123123', 'Adress 123', NULL, '1970-02-02 00:00:00', '2024-10-17 00:00:00', '2024-10-17 00:00:00');
INSERT INTO public.users VALUES (7, 'U007', 'user7', 'user', 'vacio', 'user7@example.com', '1234567897', 'Address 7', NULL, '1985-06-05 00:00:00', '2024-02-15 00:00:00', '2024-02-25 00:00:00');

INSERT INTO public.friends VALUES (1, '2024-05-16 00:00:00', 10, 16);
INSERT INTO public.friends VALUES (2, '2024-06-20 00:00:00', 12, 15);
INSERT INTO public.friends VALUES (3, '2024-11-19 00:00:00', 7, 19);
INSERT INTO public.friends VALUES (4, '2024-10-04 00:00:00', 3, 4);
INSERT INTO public.friends VALUES (5, '2024-02-01 00:00:00', 15, 12);
INSERT INTO public.friends VALUES (6, '2024-11-10 00:00:00', 2, 18);
INSERT INTO public.friends VALUES (7, '2024-09-16 00:00:00', 8, 17);
INSERT INTO public.friends VALUES (8, '2024-09-12 00:00:00', 17, 10);
INSERT INTO public.friends VALUES (9, '2024-06-04 00:00:00', 17, 13);
INSERT INTO public.friends VALUES (10, '2024-11-19 00:00:00', 14, 4);
INSERT INTO public.friends VALUES (11, '2024-10-03 00:00:00', 10, 19);
INSERT INTO public.friends VALUES (12, '2024-11-01 00:00:00', 13, 18);
INSERT INTO public.friends VALUES (13, '2024-09-02 00:00:00', 9, 18);
INSERT INTO public.friends VALUES (14, '2024-06-29 00:00:00', 8, 9);
INSERT INTO public.friends VALUES (15, '2024-09-23 00:00:00', 10, 3);
INSERT INTO public.friends VALUES (16, '2024-09-30 00:00:00', 6, 1);
INSERT INTO public.friends VALUES (17, '2024-03-02 00:00:00', 12, 17);
INSERT INTO public.friends VALUES (18, '2024-09-17 00:00:00', 15, 7);
INSERT INTO public.friends VALUES (19, '2024-11-02 00:00:00', 20, 6);
INSERT INTO public.friends VALUES (20, '2024-04-27 00:00:00', 3, 10);
INSERT INTO public.friends VALUES (149, '2025-01-07 23:07:31.121442', 20, 19);
INSERT INTO public.friends VALUES (150, '2024-05-16 00:00:00', 21, 19);
INSERT INTO public.friends VALUES (151, '2024-05-16 00:00:00', 21, 20);
INSERT INTO public.friends VALUES (152, '2024-05-16 00:00:00', 22, 21);
INSERT INTO public.friends VALUES (153, '2024-05-16 00:00:00', 22, 20);
INSERT INTO public.friends VALUES (160, '2024-05-16 00:00:00', 22, 13);
INSERT INTO public.friends VALUES (159, '2024-05-16 00:00:00', 22, 14);
INSERT INTO public.friends VALUES (158, '2024-05-16 00:00:00', 22, 15);
INSERT INTO public.friends VALUES (157, '2024-05-16 00:00:00', 22, 16);
INSERT INTO public.friends VALUES (156, '2024-05-16 00:00:00', 22, 17);
INSERT INTO public.friends VALUES (155, '2024-05-16 00:00:00', 22, 5);
INSERT INTO public.friends VALUES (154, '2024-05-16 00:00:00', 22, 6);
INSERT INTO public.friends VALUES (166, '2024-05-16 00:00:00', 22, 7);
INSERT INTO public.friends VALUES (165, '2024-05-16 00:00:00', 22, 8);
INSERT INTO public.friends VALUES (164, '2024-05-16 00:00:00', 22, 9);
INSERT INTO public.friends VALUES (163, '2024-05-16 00:00:00', 22, 10);
INSERT INTO public.friends VALUES (162, '2024-05-16 00:00:00', 22, 11);
INSERT INTO public.friends VALUES (161, '2024-05-16 00:00:00', 22, 12);
INSERT INTO public.friends VALUES (122, '2024-12-18 00:04:42.854284', 22, 4);
INSERT INTO public.friends VALUES (169, '2024-05-16 00:00:00', 22, 3);
INSERT INTO public.friends VALUES (168, '2024-05-16 00:00:00', 22, 2);
INSERT INTO public.friends VALUES (167, '2024-05-16 00:00:00', 22, 1);

INSERT INTO public.friend_invitations VALUES (1, 'APPROVED', '2024-02-16 00:00:00', 14, 17);
INSERT INTO public.friend_invitations VALUES (2, 'APPROVED', '2024-07-16 00:00:00', 2, 7);
INSERT INTO public.friend_invitations VALUES (3, 'PENDING', '2024-06-20 00:00:00', 6, 9);
INSERT INTO public.friend_invitations VALUES (4, 'PENDING', '2024-08-03 00:00:00', 16, 13);
INSERT INTO public.friend_invitations VALUES (5, 'REJECTED', '2024-04-05 00:00:00', 9, 13);
INSERT INTO public.friend_invitations VALUES (6, 'PENDING', '2024-10-23 00:00:00', 20, 13);
INSERT INTO public.friend_invitations VALUES (7, 'PENDING', '2024-04-03 00:00:00', 9, 1);
INSERT INTO public.friend_invitations VALUES (8, 'PENDING', '2024-08-14 00:00:00', 17, 14);
INSERT INTO public.friend_invitations VALUES (9, 'APPROVED', '2024-04-01 00:00:00', 8, 18);
INSERT INTO public.friend_invitations VALUES (10, 'REJECTED', '2024-09-24 00:00:00', 4, 19);
INSERT INTO public.friend_invitations VALUES (11, 'REJECTED', '2024-05-28 00:00:00', 9, 6);
INSERT INTO public.friend_invitations VALUES (12, 'REJECTED', '2024-09-16 00:00:00', 13, 6);
INSERT INTO public.friend_invitations VALUES (13, 'REJECTED', '2024-08-24 00:00:00', 9, 5);
INSERT INTO public.friend_invitations VALUES (14, 'PENDING', '2024-05-24 00:00:00', 3, 2);
INSERT INTO public.friend_invitations VALUES (15, 'PENDING', '2024-10-27 00:00:00', 17, 9);
INSERT INTO public.friend_invitations VALUES (16, 'APPROVED', '2024-09-25 00:00:00', 5, 17);
INSERT INTO public.friend_invitations VALUES (17, 'REJECTED', '2024-05-25 00:00:00', 11, 19);
INSERT INTO public.friend_invitations VALUES (18, 'REJECTED', '2024-08-20 00:00:00', 5, 3);
INSERT INTO public.friend_invitations VALUES (19, 'APPROVED', '2024-05-02 00:00:00', 5, 14);
INSERT INTO public.friend_invitations VALUES (20, 'PENDING', '2024-05-10 00:00:00', 2, 5);

INSERT INTO public.gifts (id, title, description, link, price, currency, "endDate", image, "createdAt", "userId", progress, active) VALUES (3, 'Gift 3', 'Description 3', 'http://example.com/3', 196.00, 'USD', '2025-01-18 00:00:00', NULL, '2024-08-26 00:00:00', 3, 0, false);
INSERT INTO public.gifts (id, title, description, link, price, currency, "endDate", image, "createdAt", "userId", progress, active) VALUES (4, 'Gift 4', 'Description 4', 'http://example.com/4', 50, 'USD', '2025-01-19 00:00:00', NULL, '2024-07-05 00:00:00', 15, 50, false);
INSERT INTO public.gifts (id, title, description, link, price, currency, "endDate", image, "createdAt", "userId", progress, active) VALUES (76, 'regaloPruebaChris', 'string', 'string', 123, 'string', '2025-01-01 00:00:00', 'string', '2025-01-20 11:05:41.845981', NULL, 0, false);
INSERT INTO public.gifts (id, title, description, link, price, currency, "endDate", image, "createdAt", "userId", progress, active) VALUES (5, 'Gift 5', 'Description 5', 'http://example.com/5', 231.00, 'USD', '2024-11-03 00:00:00', NULL, '2024-03-19 00:00:00', 20, 0, false);
INSERT INTO public.gifts (id, title, description, link, price, currency, "endDate", image, "createdAt", "userId", progress, active) VALUES (6, 'Gift 6', 'Description 6', 'http://example.com/6', 424.00, 'USD', '2024-08-10 00:00:00', NULL, '2024-03-26 00:00:00', 2, 0, false);
INSERT INTO public.gifts (id, title, description, link, price, currency, "endDate", image, "createdAt", "userId", progress, active) VALUES (7, 'Gift 7', 'Description 7', 'http://example.com/7', 102.00, 'USD', '2024-10-03 00:00:00', NULL, '2024-03-02 00:00:00', 1, 0, false);
INSERT INTO public.gifts (id, title, description, link, price, currency, "endDate", image, "createdAt", "userId", progress, active) VALUES (8, 'Gift 8', 'Description 8', 'http://example.com/8', 343.00, 'USD', '2024-09-12 00:00:00', NULL, '2024-02-20 00:00:00', 19, 0, false);
INSERT INTO public.gifts (id, title, description, link, price, currency, "endDate", image, "createdAt", "userId", progress, active) VALUES (9, 'Gift 9', 'Description 9', 'http://example.com/9', 341.00, 'USD', '2024-01-02 00:00:00', NULL, '2024-08-24 00:00:00', 16, 0, false);
INSERT INTO public.gifts (id, title, description, link, price, currency, "endDate", image, "createdAt", "userId", progress, active) VALUES (10, 'Gift 10', 'Description 10', 'http://example.com/10', 435.00, 'USD', '2024-09-24 00:00:00', NULL, '2024-09-13 00:00:00', 12, 0, false);
INSERT INTO public.gifts (id, title, description, link, price, currency, "endDate", image, "createdAt", "userId", progress, active) VALUES (11, 'Gift 11', 'Description 11', 'http://example.com/11', 122.00, 'USD', '2024-07-12 00:00:00', NULL, '2024-01-22 00:00:00', 16, 0, false);
INSERT INTO public.gifts (id, title, description, link, price, currency, "endDate", image, "createdAt", "userId", progress, active) VALUES (12, 'Gift 12', 'Description 12', 'http://example.com/12', 128.00, 'USD', '2024-07-24 00:00:00', NULL, '2024-11-14 00:00:00', 20, 0, false);
INSERT INTO public.gifts (id, title, description, link, price, currency, "endDate", image, "createdAt", "userId", progress, active) VALUES (13, 'Gift 13', 'Description 13', 'http://example.com/13', 441.00, 'USD', '2024-02-12 00:00:00', NULL, '2024-04-17 00:00:00', 2, 0, false);
INSERT INTO public.gifts (id, title, description, link, price, currency, "endDate", image, "createdAt", "userId", progress, active) VALUES (14, 'Gift 14', 'Description 14', 'http://example.com/14', 417.00, 'USD', '2024-03-30 00:00:00', NULL, '2024-05-09 00:00:00', 20, 0, false);
INSERT INTO public.gifts (id, title, description, link, price, currency, "endDate", image, "createdAt", "userId", progress, active) VALUES (15, 'Gift 15', 'Description 15', 'http://example.com/15', 407.00, 'USD', '2024-05-09 00:00:00', NULL, '2024-11-08 00:00:00', 14, 0, false);
INSERT INTO public.gifts (id, title, description, link, price, currency, "endDate", image, "createdAt", "userId", progress, active) VALUES (16, 'Gift 16', 'Description 16', 'http://example.com/16', 325.00, 'USD', '2024-10-20 00:00:00', NULL, '2024-02-20 00:00:00', 4, 0, false);
INSERT INTO public.gifts (id, title, description, link, price, currency, "endDate", image, "createdAt", "userId", progress, active) VALUES (17, 'Gift 17', 'Description 17', 'http://example.com/17', 64.00, 'USD', '2024-05-08 00:00:00', NULL, '2024-07-27 00:00:00', 2, 0, false);
INSERT INTO public.gifts (id, title, description, link, price, currency, "endDate", image, "createdAt", "userId", progress, active) VALUES (18, 'Gift 18', 'Description 18', 'http://example.com/18', 270.00, 'USD', '2024-01-15 00:00:00', NULL, '2024-01-31 00:00:00', 1, 0, false);
INSERT INTO public.gifts (id, title, description, link, price, currency, "endDate", image, "createdAt", "userId", progress, active) VALUES (19, 'Gift 19', 'Description 19', 'http://example.com/19', 279.00, 'USD', '2024-08-06 00:00:00', NULL, '2024-06-23 00:00:00', 5, 0, false);
INSERT INTO public.gifts (id, title, description, link, price, currency, "endDate", image, "createdAt", "userId", progress, active) VALUES (20, 'Gift 20', 'Description 20', 'http://example.com/20', 62.00, 'USD', '2024-11-02 00:00:00', NULL, '2024-10-27 00:00:00', 5, 0, false);
INSERT INTO public.gifts (id, title, description, link, price, currency, "endDate", image, "createdAt", "userId", progress, active) VALUES (21, 'Gift 21', 'Updated Description 21', 'http://example.com/21', 62.00, 'USD', NULL, NULL, '2025-01-07 18:42:46.121539', NULL, 0, false);
INSERT INTO public.gifts (id, title, description, link, price, currency, "endDate", image, "createdAt", "userId", progress, active) VALUES (28, 'string', 'string', 'string', 123, 'string', '2025-01-01 00:00:00', 'string', '2025-01-07 20:28:13.654903', 19, 0, false);
INSERT INTO public.gifts (id, title, description, link, price, currency, "endDate", image, "createdAt", "userId", progress, active) VALUES (29, 'string', 'string', 'string', 123, 'string', '2025-01-01 00:00:00', 'string', '2025-01-07 20:29:17.000257', 20, 0, false);
INSERT INTO public.gifts (id, title, description, link, price, currency, "endDate", image, "createdAt", "userId", progress, active) VALUES (30, 'string', 'string', 'string', 123, 'string', '2025-01-01 00:00:00', 'string', '2025-01-07 21:12:08.002904', 20, 0, false);
INSERT INTO public.gifts (id, title, description, link, price, currency, "endDate", image, "createdAt", "userId", progress, active) VALUES (49, 'regaloPruebaChris', 'string', 'string', 123, 'string', '2025-01-01 00:00:00', 'string', '2025-01-15 10:58:56.147082', 21, 0, false);
INSERT INTO public.gifts (id, title, description, link, price, currency, "endDate", image, "createdAt", "userId", progress, active) VALUES (26, 'Specialized HR4857', 'updated SPECIALIZED CHISEL HARDTRAIL', 'https://www.aerobikes.com.ar/productos/specialized-chisel-hardtrail/', 1699.99, 'USD', NULL, 'https://acdn.mitiendanube.com/stores/002/692/526/products/captura-de-pantalla-2024-04-17-a-las-12-50-37-ee93899423ef820b2417133690609562-1024-1024.png', '2025-01-07 20:00:41.346749', NULL, 0, false);
INSERT INTO public.gifts (id, title, description, link, price, currency, "endDate", image, "createdAt", "userId", progress, active) VALUES (50, 'regaloPruebaChris', 'string', 'string', 123, 'string', '2025-01-01 00:00:00', 'string', '2025-01-15 10:59:18.078838', 21, 0, false);
INSERT INTO public.gifts (id, title, description, link, price, currency, "endDate", image, "createdAt", "userId", progress, active) VALUES (1, 'Specialized HR4858', 'updated SPECIALIZED CHISEL HARDTRAIL', 'http://mpm.ddns.net/gift_image.png', 1699.99, 'USD', '2024-08-01 00:00:00', 'http://mpm.ddns.net/gift_image.png', '2024-04-10 00:00:00', 8, 0, false);
INSERT INTO public.gifts (id, title, description, link, price, currency, "endDate", image, "createdAt", "userId", progress, active) VALUES (52, 'regaloPruebaChris', 'string', 'string', 123, 'string', '2025-01-01 00:00:00', 'string', '2025-01-16 00:03:01.717818', 21, 0, false);
INSERT INTO public.gifts (id, title, description, link, price, currency, "endDate", image, "createdAt", "userId", progress, active) VALUES (32, 'Specialized HR4857', 'updated SPECIALIZED CHISEL HARDTRAIL', 'https://www.aerobikes.com.ar/productos/specialized-chisel-hardtrail/', 1699.99, 'USD', NULL, 'https://acdn.mitiendanube.com/stores/002/692/526/products/captura-de-pantalla-2024-04-17-a-las-12-50-37-ee93899423ef820b2417133690609562-1024-1024.png', '2025-01-07 23:30:48.144695', NULL, 0, false);
INSERT INTO public.gifts (id, title, description, link, price, currency, "endDate", image, "createdAt", "userId", progress, active) VALUES (2, 'Specialized HR4858', 'updated SPECIALIZED CHISEL HARDTRAIL', 'https://www.aerobikes.com.ar/productos/specialized-chisel-hardtrail/', 1699.99, 'USD', '2024-12-14 00:00:00', 'https://acdn.mitiendanube.com/stores/002/692/526/products/captura-de-pantalla-2024-04-17-a-las-12-50-37-ee93899423ef820b2417133690609562-1024-1024.png', '2024-11-02 00:00:00', 5, 0, false);
INSERT INTO public.gifts (id, title, description, link, price, currency, "endDate", image, "createdAt", "userId", progress, active) VALUES (35, 'regaloPruebaChris', 'string', 'string', 123, 'string', '2025-01-01 00:00:00', 'string', '2025-01-15 10:24:17.927057', NULL, 0, false);
INSERT INTO public.gifts (id, title, description, link, price, currency, "endDate", image, "createdAt", "userId", progress, active) VALUES (36, 'regaloPruebaChris', 'string', 'string', 123, 'string', '2025-01-01 00:00:00', 'string', '2025-01-15 10:25:43.414889', NULL, 0, false);
INSERT INTO public.gifts (id, title, description, link, price, currency, "endDate", image, "createdAt", "userId", progress, active) VALUES (37, 'regaloPruebaChris2', 'string', 'string', 123, 'string', '2025-01-01 00:00:00', 'string', '2025-01-15 10:27:08.518133', NULL, 0, false);
INSERT INTO public.gifts (id, title, description, link, price, currency, "endDate", image, "createdAt", "userId", progress, active) VALUES (38, 'regaloPruebaChris', 'string', 'string', 123, 'string', '2025-01-01 00:00:00', 'string', '2025-01-15 10:27:59.321723', 21, 0, false);
INSERT INTO public.gifts (id, title, description, link, price, currency, "endDate", image, "createdAt", "userId", progress, active) VALUES (39, 'regaloPruebaChris', 'string', 'string', 123, 'string', '2025-01-01 00:00:00', 'string', '2025-01-15 10:30:07.534454', 21, 0, false);
INSERT INTO public.gifts (id, title, description, link, price, currency, "endDate", image, "createdAt", "userId", progress, active) VALUES (40, 'regaloPruebaChris2', 'string', 'string', 123, 'string', '2025-01-01 00:00:00', 'string', '2025-01-15 10:31:03.627115', NULL, 0, false);
INSERT INTO public.gifts (id, title, description, link, price, currency, "endDate", image, "createdAt", "userId", progress, active) VALUES (41, 'regaloPruebaChris2', 'string', 'string', 123, 'string', '2025-01-01 00:00:00', 'string', '2025-01-15 10:31:53.584571', NULL, 0, false);
INSERT INTO public.gifts (id, title, description, link, price, currency, "endDate", image, "createdAt", "userId", progress, active) VALUES (42, 'regaloPruebaChris2', 'string', 'string', 123, 'string', '2025-01-01 00:00:00', 'string', '2025-01-15 10:32:03.386192', NULL, 0, false);
INSERT INTO public.gifts (id, title, description, link, price, currency, "endDate", image, "createdAt", "userId", progress, active) VALUES (43, 'regaloPruebaChris', 'string', 'string', 123, 'string', '2025-01-01 00:00:00', 'string', '2025-01-15 10:35:47.714513', 21, 0, false);
INSERT INTO public.gifts (id, title, description, link, price, currency, "endDate", image, "createdAt", "userId", progress, active) VALUES (44, 'regaloPruebaChris3', 'string', 'string', 123, 'string', '2025-01-01 00:00:00', 'string', '2025-01-15 10:36:12.838293', NULL, 0, false);
INSERT INTO public.gifts (id, title, description, link, price, currency, "endDate", image, "createdAt", "userId", progress, active) VALUES (45, 'regaloPruebaChris3', 'string', 'string', 123, 'string', '2025-01-01 00:00:00', 'string', '2025-01-15 10:38:00.83203', NULL, 0, false);
INSERT INTO public.gifts (id, title, description, link, price, currency, "endDate", image, "createdAt", "userId", progress, active) VALUES (46, 'regaloPruebaChris', 'string', 'string', 123, 'string', '2025-01-01 00:00:00', 'string', '2025-01-15 10:39:26.445872', NULL, 0, false);
INSERT INTO public.gifts (id, title, description, link, price, currency, "endDate", image, "createdAt", "userId", progress, active) VALUES (47, 'regaloPruebaChris', 'string', 'string', 123, 'string', '2025-01-01 00:00:00', 'string', '2025-01-15 10:41:21.209377', NULL, 0, false);
INSERT INTO public.gifts (id, title, description, link, price, currency, "endDate", image, "createdAt", "userId", progress, active) VALUES (48, 'regaloPruebaChris', 'string', 'string', 123, 'string', '2025-01-01 00:00:00', 'string', '2025-01-15 10:43:12.515333', NULL, 0, false);
INSERT INTO public.gifts (id, title, description, link, price, currency, "endDate", image, "createdAt", "userId", progress, active) VALUES (58, 'regaloPruebaChris', 'string', 'string', 123, 'string', '2025-01-01 00:00:00', 'string', '2025-01-16 00:43:27.550438', NULL, 0, false);
INSERT INTO public.gifts (id, title, description, link, price, currency, "endDate", image, "createdAt", "userId", progress, active) VALUES (71, 'regaloPruebaChris', 'string', 'string', 123, 'string', '2025-01-01 00:00:00', 'string', '2025-01-16 01:12:07.580657', NULL, 0, false);
INSERT INTO public.gifts (id, title, description, link, price, currency, "endDate", image, "createdAt", "userId", progress, active) VALUES (72, 'regaloPruebaChris', 'string', 'string', 123, 'string', '2025-01-01 00:00:00', 'string', '2025-01-16 01:12:09.26722', NULL, 0, false);
INSERT INTO public.gifts (id, title, description, link, price, currency, "endDate", image, "createdAt", "userId", progress, active) VALUES (73, 'regaloPruebaChris', 'string', 'string', 123, 'string', '2025-01-01 00:00:00', 'string', '2025-01-16 01:13:42.184206', NULL, 0, false);
INSERT INTO public.gifts (id, title, description, link, price, currency, "endDate", image, "createdAt", "userId", progress, active) VALUES (74, 'regaloPruebaChris', 'string', 'string', 123, 'string', '2025-01-01 00:00:00', 'string', '2025-01-16 01:13:43.994521', NULL, 0, false);
INSERT INTO public.gifts (id, title, description, link, price, currency, "endDate", image, "createdAt", "userId", progress, active) VALUES (75, 'regaloPruebaChris', 'string', 'string', 123, 'string', '2025-01-01 00:00:00', 'string', '2025-01-16 01:14:36.405169', 21, 0, false);
INSERT INTO public.gifts (id, title, description, link, price, currency, "endDate", image, "createdAt", "userId", progress, active) VALUES (77, 'regaloPruebaChris', 'string', 'string', 123, 'string', '2025-01-01 00:00:00', 'string', '2025-01-20 11:16:00.7617', 21, 0, false);

INSERT INTO public.gifts_payments VALUES (1, 337.00, 'USD', 'Payment Source 1', '2024-04-05 00:00:00', 7, 8);
INSERT INTO public.gifts_payments VALUES (2, 96.00, 'USD', 'Payment Source 2', '2024-01-18 00:00:00', 19, 18);
INSERT INTO public.gifts_payments VALUES (3, 386.00, 'USD', 'Payment Source 3', '2024-06-16 00:00:00', 10, 4);
INSERT INTO public.gifts_payments VALUES (4, 141.00, 'USD', 'Payment Source 4', '2024-07-16 00:00:00', 10, 10);
INSERT INTO public.gifts_payments VALUES (5, 498.00, 'USD', 'Payment Source 5', '2024-08-26 00:00:00', 13, 16);
INSERT INTO public.gifts_payments VALUES (6, 180.00, 'USD', 'Payment Source 6', '2024-06-23 00:00:00', 3, 1);
INSERT INTO public.gifts_payments VALUES (7, 235.00, 'USD', 'Payment Source 7', '2024-06-14 00:00:00', 11, 16);
INSERT INTO public.gifts_payments VALUES (8, 16.00, 'USD', 'Payment Source 8', '2024-05-17 00:00:00', 9, 12);
INSERT INTO public.gifts_payments VALUES (9, 113.00, 'USD', 'Payment Source 9', '2024-07-30 00:00:00', 1, 10);
INSERT INTO public.gifts_payments VALUES (10, 328.00, 'USD', 'Payment Source 10', '2024-03-15 00:00:00', 12, 19);
INSERT INTO public.gifts_payments VALUES (11, 65.00, 'USD', 'Payment Source 11', '2024-01-15 00:00:00', 19, 10);
INSERT INTO public.gifts_payments VALUES (12, 370.00, 'USD', 'Payment Source 12', '2024-10-21 00:00:00', 3, 18);
INSERT INTO public.gifts_payments VALUES (13, 17.00, 'USD', 'Payment Source 13', '2024-07-10 00:00:00', 17, 13);
INSERT INTO public.gifts_payments VALUES (14, 356.00, 'USD', 'Payment Source 14', '2024-03-10 00:00:00', 18, 18);
INSERT INTO public.gifts_payments VALUES (15, 368.00, 'USD', 'Payment Source 15', '2024-07-07 00:00:00', 6, 5);
INSERT INTO public.gifts_payments VALUES (16, 72.00, 'USD', 'Payment Source 16', '2024-10-14 00:00:00', 5, 16);
INSERT INTO public.gifts_payments VALUES (17, 282.00, 'USD', 'Payment Source 17', '2024-10-18 00:00:00', 11, 11);
INSERT INTO public.gifts_payments VALUES (18, 251.00, 'USD', 'Payment Source 18', '2024-03-11 00:00:00', 15, 14);
INSERT INTO public.gifts_payments VALUES (19, 411.00, 'USD', 'Payment Source 19', '2024-11-18 00:00:00', 1, 1);
INSERT INTO public.gifts_payments VALUES (20, 96.00, 'USD', 'Payment Source 20', '2024-08-14 00:00:00', 6, 8);
INSERT INTO public.gifts_payments VALUES (21, 150, 'USD', 'MercadoPage', '2024-11-24 19:16:20.011666', NULL, NULL);
INSERT INTO public.gifts_payments VALUES (22, 150, 'USD', 'MercadoPage', '2024-11-24 19:17:16.262809', NULL, NULL);
INSERT INTO public.gifts_payments VALUES (23, 150, 'USD', 'MercadoPage', '2024-11-24 19:17:44.853765', 7, 9);
INSERT INTO public.gifts_payments VALUES (24, 150, 'USD', 'MercadoPago', '2024-11-24 19:32:08.745701', 7, 9);
INSERT INTO public.gifts_payments VALUES (25, 150, 'USD', 'MercadoPago', '2024-11-26 22:15:03.658967', 7, 17);
INSERT INTO public.gifts_payments VALUES (26, 1520, 'USD', 'MercadoPago', '2024-11-26 22:17:35.378363', 7, 17);
INSERT INTO public.gifts_payments VALUES (27, 1520, 'USD', 'MercadoPago', '2024-11-26 22:20:24.058482', 7, NULL);
INSERT INTO public.gifts_payments VALUES (28, 10, 'ssd', 'mp', '2024-12-17 22:06:03.716511', 1, 1);
INSERT INTO public.gifts_payments VALUES (29, 10, 'ssd', 'mp', '2024-12-17 22:07:38.340689', 1, 1);
INSERT INTO public.gifts_payments VALUES (30, 10, 'ssd', 'mp', '2024-12-17 22:21:20.276309', 1, 1);
INSERT INTO public.gifts_payments VALUES (31, 10, 'ssd', 'mp', '2024-12-17 22:21:25.339504', 1, 1);
INSERT INTO public.gifts_payments VALUES (35, 80, 'ARS', 'Mercado Pago', '2024-12-23 17:08:13', 2, 1);
INSERT INTO public.gifts_payments VALUES (36, 23, 'ARS', 'Mercado Pago', '2024-12-23 17:06:08', 2, 1);
INSERT INTO public.gifts_payments VALUES (37, 10, 'ARS', 'Mercado Pago', '2024-12-23 17:04:50', 2, 1);
INSERT INTO public.gifts_payments VALUES (38, 10, 'ARS', 'Mercado Pago', '2024-12-23 17:32:07', 2, 1);
INSERT INTO public.gifts_payments VALUES (39, 8000, 'ARS', 'Mercado Pago', '2024-12-23 17:34:32', 2, 1);
INSERT INTO public.gifts_payments VALUES (40, 50000, 'ARS', 'Mercado Pago', '2024-12-23 18:11:03', 2, 1);
INSERT INTO public.gifts_payments VALUES (41, 25, 'ARS', 'Mercado Pago', '2024-12-23 18:16:39', 2, 1);
INSERT INTO public.gifts_payments VALUES (42, 10, 'ARS', 'Mercado Pago', '2024-12-26 14:08:25', 2, 1);
INSERT INTO public.gifts_payments VALUES (43, 25, 'ARS', 'Mercado Pago', '2024-12-26 14:09:16', 2, 1);
INSERT INTO public.gifts_payments VALUES (44, 10, 'ARS', 'Mercado Pago', '2024-12-26 15:27:38', 2, 1);
INSERT INTO public.gifts_payments VALUES (45, 10, 'ARS', 'Mercado Pago', '2024-12-26 16:15:30', 2, 1);
INSERT INTO public.gifts_payments VALUES (46, 10, 'ARS', 'Mercado Pago', '2024-12-26 16:16:31', 2, 1);
INSERT INTO public.gifts_payments VALUES (47, 10, 'ARS', 'Mercado Pago', '2024-12-26 16:26:56', 2, 1);
INSERT INTO public.gifts_payments VALUES (49, 17, 'USD', 'MP', '2025-01-17 20:18:15.079966', 4, 1);
INSERT INTO public.gifts_payments VALUES (50, 4, 'USD', 'MP', '2025-01-17 20:18:43.434396', 4, 1);
INSERT INTO public.gifts_payments VALUES (52, 5, 'USD', 'MP', '2025-01-17 20:26:31.20201', 4, 1);
INSERT INTO public.gifts_payments VALUES (53, 4, 'USD', 'MP', '2025-01-17 20:27:03.151543', 4, 1);
INSERT INTO public.gifts_payments VALUES (54, 4, 'USD', 'MP', '2025-01-17 20:27:14.006037', 4, 1);
INSERT INTO public.gifts_payments VALUES (55, 6, 'USD', 'MP', '2025-01-17 20:27:29.570781', 4, 1);
INSERT INTO public.gifts_payments VALUES (56, 9, 'USD', 'MP', '2025-01-17 20:27:39.929199', 4, 1);
INSERT INTO public.gifts_payments VALUES (57, 1, 'USD', 'MP', '2025-01-17 20:27:50.357924', 4, 1);
